{
  "1740765254571": {
    "id": "1740765254571",
    "name": "QB下载器111",
    "url": "http://nas.cocoheo.cn:8085",
    "username": "madrays",
    "password": "zjhz311400",
    "updateInterval": 3,
    "displayItems": {
      "downloadSpeed": true,
      "uploadSpeed": true,
      "activeDownloads": true,
      "activeTorrents": true,
      "pausedTorrents": false,
      "completedTorrents": false,
      "totalTorrents": true,
      "globalRatio": true,
      "globalDownloaded": true,
      "globalUploaded": true,
      "freeSpace": false,
      "seedingTorrents": true,
      "totalSize": false,
      "averageRatio": true,
      "ioTasks": true,
      "errorTorrents": false,
      "uploadLimit": true,
      "downloadLimit": true
    },
    "displayOrder": [
      "downloadLimit",
      "globalDownloaded",
      "uploadLimit",
      "averageRatio",
      "globalUploaded",
      "downloadSpeed",
      "uploadSpeed",
      "activeDownloads",
      "totalTorrents",
      "seedingTorrents",
      "ioTasks",
      "activeTorrents",
      "globalRatio"
    ],
    "isConfigValid": true,
    "lastTested": 1740765313175,
    "isAppliedToFixed": true,
    "isAppliedToFree": false,
    "domainPrefix": "http://localhost:3000",
    "theme": {
      "backgroundColor": "#2d3436",
      "backgroundOpacity": 1,
      "headerBackgroundColor": "rgba(45, 45, 50, 0.8)",
      "headerTextColor": "#ffffff",
      "onlineStatusColor": "rgba(46, 204, 113, 0.8)",
      "offlineStatusColor": "rgba(231, 76, 60, 0.8)",
      "downloadSpeedBgColor": "rgba(33, 150, 243, 0.15)",
      "downloadSpeedTextColor": "#3498db",
      "uploadSpeedBgColor": "rgba(76, 175, 80, 0.15)",
      "uploadSpeedTextColor": "#27ae60",
      "labelTextColor": "rgba(255, 255, 255, 0.7)",
      "valueTextColor": "#ffffff",
      "borderRadius": "8px",
      "activeDownloadsBgColor": "rgba(33, 150, 243, 0.1)",
      "activeDownloadsTextColor": "#4fc3f7",
      "activeTorrentsBgColor": "rgba(156, 39, 176, 0.1)",
      "activeTorrentsTextColor": "#9c27b0",
      "pausedTorrentsBgColor": "rgba(255, 152, 0, 0.1)",
      "pausedTorrentsTextColor": "#ff9800",
      "completedTorrentsBgColor": "rgba(76, 175, 80, 0.1)",
      "completedTorrentsTextColor": "#4caf50",
      "totalTorrentsBgColor": "rgba(158, 158, 158, 0.1)",
      "totalTorrentsTextColor": "#9e9e9e",
      "globalRatioBgColor": "rgba(3, 169, 244, 0.1)",
      "globalRatioTextColor": "#03a9f4",
      "globalDownloadedBgColor": "rgba(0, 188, 212, 0.1)",
      "globalDownloadedTextColor": "#00bcd4",
      "globalUploadedBgColor": "rgba(233, 30, 99, 0.1)",
      "globalUploadedTextColor": "#e91e63",
      "freeSpaceBgColor": "rgba(96, 125, 139, 0.1)",
      "freeSpaceTextColor": "#607d8b",
      "seedingTorrentsBgColor": "rgba(0, 188, 212, 0.1)",
      "seedingTorrentsTextColor": "#00bcd4",
      "totalSizeBgColor": "rgba(97, 97, 97, 0.1)",
      "totalSizeTextColor": "#616161",
      "averageRatioBgColor": "rgba(63, 81, 181, 0.1)",
      "averageRatioTextColor": "#3f51b5",
      "ioTasksBgColor": "rgba(0, 150, 136, 0.1)",
      "ioTasksTextColor": "#009688",
      "errorTorrentsBgColor": "rgba(244, 67, 54, 0.1)",
      "errorTorrentsTextColor": "#f44336",
      "uploadLimitBgColor": "rgba(255, 87, 34, 0.1)",
      "uploadLimitTextColor": "#ff5722",
      "downloadLimitBgColor": "rgba(121, 85, 72, 0.1)",
      "downloadLimitTextColor": "#795548",
      "downloadSpeedLabelColor": "rgba(255, 255, 255, 0.7)",
      "uploadSpeedLabelColor": "rgba(255, 255, 255, 0.7)",
      "activeDownloadsLabelColor": "rgba(255, 255, 255, 0.7)",
      "activeTorrentsLabelColor": "rgba(255, 255, 255, 0.7)",
      "pausedTorrentsLabelColor": "rgba(255, 255, 255, 0.7)",
      "completedTorrentsLabelColor": "rgba(255, 255, 255, 0.7)",
      "totalTorrentsLabelColor": "rgba(255, 255, 255, 0.7)",
      "errorTorrentsLabelColor": "rgba(255, 255, 255, 0.7)",
      "seedingTorrentsLabelColor": "rgba(255, 255, 255, 0.7)",
      "ioTasksLabelColor": "rgba(255, 255, 255, 0.7)",
      "globalRatioLabelColor": "rgba(255, 255, 255, 0.7)",
      "averageRatioLabelColor": "rgba(255, 255, 255, 0.7)",
      "globalDownloadedLabelColor": "rgba(255, 255, 255, 0.7)",
      "globalUploadedLabelColor": "rgba(255, 255, 255, 0.7)",
      "uploadLimitLabelColor": "rgba(255, 255, 255, 0.7)",
      "downloadLimitLabelColor": "rgba(255, 255, 255, 0.7)",
      "freeSpaceLabelColor": "rgba(255, 255, 255, 0.7)",
      "totalSizeLabelColor": "rgba(255, 255, 255, 0.7)",
      "borderColor": "rgba(210, 210, 220, 0.5)",
      "borderWidth": "1px",
      "itemSpacing": "8px",
      "onlineColor": "#047857",
      "offlineColor": "#b91c1c",
      "warningColor": "#b45309",
      "cpuBgColor": "rgba(230, 230, 235, 0.7)",
      "cpuTextColor": "#000000",
      "cpuLabelColor": "#000000",
      "memoryBgColor": "rgba(230, 230, 235, 0.7)",
      "memoryTextColor": "#000000",
      "memoryLabelColor": "#000000",
      "diskBgColor": "rgba(230, 230, 235, 0.7)",
      "diskTextColor": "#000000",
      "diskLabelColor": "#000000",
      "networkBgColor": "rgba(230, 230, 235, 0.7)",
      "networkTextColor": "#000000",
      "networkLabelColor": "#000000",
      "timeBgColor": "rgba(230, 230, 235, 0.7)",
      "timeTextColor": "#000000",
      "timeLabelColor": "#000000",
      "versionBgColor": "rgba(230, 230, 235, 0.7)",
      "versionTextColor": "#000000",
      "versionLabelColor": "#000000",
      "licenseBgColor": "rgba(230, 230, 235, 0.7)",
      "licenseTextColor": "#000000",
      "licenseLabelColor": "#000000"
    }
  },
  "1740794918972": {
    "id": "1740794918972",
    "name": "QB下载器 666",
    "url": "http://nas.cocoheo.cn:8085",
    "username": "madrays",
    "password": "zjhz311400",
    "updateInterval": 16,
    "displayItems": {
      "downloadSpeed": true,
      "uploadSpeed": true,
      "activeDownloads": true,
      "activeTorrents": true,
      "pausedTorrents": false,
      "completedTorrents": false,
      "totalTorrents": false,
      "globalRatio": false,
      "globalDownloaded": false,
      "globalUploaded": false,
      "freeSpace": false,
      "seedingTorrents": true,
      "totalSize": false,
      "averageRatio": false,
      "ioTasks": true,
      "errorTorrents": false,
      "uploadLimit": true,
      "downloadLimit": true
    },
    "displayOrder": [
      "ioTasks",
      "downloadSpeed",
      "uploadLimit",
      "downloadLimit",
      "uploadSpeed",
      "activeDownloads",
      "seedingTorrents",
      "activeTorrents"
    ],
    "isConfigValid": true,
    "lastTested": 1740794954700,
    "isAppliedToFixed": false,
    "isAppliedToFree": false,
    "domainPrefix": "http://localhost:3000"
  },
  "1740813028888": {
    "id": "1740813028888",
    "name": "QB下载器999",
    "url": "http://nas.cocoheo.cn:8085",
    "username": "madrays",
    "password": "zjhz311400",
    "updateInterval": 10,
    "displayItems": {
      "downloadSpeed": true,
      "uploadSpeed": true,
      "activeDownloads": true,
      "activeTorrents": true,
      "pausedTorrents": true,
      "completedTorrents": false,
      "totalTorrents": true,
      "globalRatio": true,
      "globalDownloaded": true,
      "globalUploaded": false,
      "freeSpace": false,
      "seedingTorrents": true,
      "totalSize": false,
      "averageRatio": true,
      "ioTasks": false,
      "errorTorrents": true,
      "uploadLimit": true,
      "downloadLimit": false
    },
    "displayOrder": [],
    "isConfigValid": true,
    "lastTested": 1740813048798,
    "domainPrefix": "http://localhost:3000",
    "isAppliedToFixed": false,
    "isAppliedToFree": false
  },
  "1740816723095": {
    "id": "1740816723095",
    "name": "QB下载器 202531161203",
    "url": "http://nas.cocoheo.cn:8085",
    "username": "madrays",
    "password": "zjhz311400",
    "updateInterval": 10,
    "displayItems": {
      "downloadSpeed": true,
      "uploadSpeed": true,
      "activeDownloads": false,
      "activeTorrents": false,
      "pausedTorrents": false,
      "completedTorrents": false,
      "totalTorrents": false,
      "globalRatio": false,
      "globalDownloaded": false,
      "globalUploaded": false,
      "freeSpace": false,
      "seedingTorrents": false,
      "totalSize": false,
      "averageRatio": false,
      "ioTasks": false,
      "errorTorrents": false,
      "uploadLimit": false,
      "downloadLimit": false
    },
    "displayOrder": [
      "downloadSpeed",
      "uploadSpeed"
    ],
    "isConfigValid": true,
    "lastTested": 1740816734760,
    "domainPrefix": "http://localhost:3000",
    "isAppliedToFixed": false,
    "isAppliedToFree": false
  }
}