{
  "1741165502542": {
    "id": "1741165502542",
    "name": "新建Transmission下载器888",
    "url": "http://10.10.10.18:9092/transmission/rpc",
    "username": "madrays",
    "password": "zjhz311400",
    "updateInterval": 30,
    "displayItems": {
      "downloadSpeed": true,
      "uploadSpeed": true,
      "activeDownloads": true,
      "activeTorrents": true,
      "pausedTorrents": true,
      "completedTorrents": true,
      "totalTorrents": true,
      "globalRatio": true,
      "globalDownloaded": true,
      "globalUploaded": true,
      "freeSpace": true,
      "seedingTorrents": true,
      "totalSize": true,
      "averageRatio": true,
      "errorTorrents": true,
      "uploadLimit": true,
      "downloadLimit": true
    },
    "displayOrder": [
      "downloadSpeed",
      "uploadSpeed",
      "freeSpace",
      "activeDownloads",
      "activeTorrents",
      "pausedTorrents",
      "completedTorrents",
      "totalTorrents",
      "errorTorrents",
      "seedingTorrents",
      "globalRatio",
      "averageRatio",
      "globalDownloaded",
      "globalUploaded",
      "uploadLimit",
      "downloadLimit",
      "totalSize"
    ],
    "isConfigValid": true,
    "lastTested": 1741165522523,
    "theme": {
      "backgroundColor": "#2d3436",
      "backgroundOpacity": 1,
      "headerBackgroundColor": "#2980b9",
      "headerTextColor": "#ffffff",
      "onlineStatusColor": "rgba(46, 204, 113, 0.8)",
      "offlineStatusColor": "rgba(231, 76, 60, 0.8)",
      "downloadSpeedBgColor": "rgba(33, 150, 243, 0.15)",
      "downloadSpeedTextColor": "#3498db",
      "uploadSpeedBgColor": "rgba(76, 175, 80, 0.15)",
      "uploadSpeedTextColor": "#27ae60",
      "activeDownloadsBgColor": "rgba(33, 150, 243, 0.1)",
      "activeDownloadsTextColor": "#4fc3f7",
      "activeTorrentsBgColor": "rgba(156, 39, 176, 0.1)",
      "activeTorrentsTextColor": "#9c27b0",
      "pausedTorrentsBgColor": "rgba(255, 152, 0, 0.1)",
      "pausedTorrentsTextColor": "#ff9800",
      "completedTorrentsBgColor": "rgba(76, 175, 80, 0.1)",
      "completedTorrentsTextColor": "#4caf50",
      "totalTorrentsBgColor": "rgba(158, 158, 158, 0.1)",
      "totalTorrentsTextColor": "#9e9e9e",
      "errorTorrentsBgColor": "rgba(244, 67, 54, 0.1)",
      "errorTorrentsTextColor": "#f44336",
      "seedingTorrentsBgColor": "rgba(0, 188, 212, 0.1)",
      "seedingTorrentsTextColor": "#00bcd4",
      "globalRatioBgColor": "rgba(3, 169, 244, 0.1)",
      "globalRatioTextColor": "#03a9f4",
      "averageRatioBgColor": "rgba(63, 81, 181, 0.1)",
      "averageRatioTextColor": "#3f51b5",
      "globalDownloadedBgColor": "rgba(0, 188, 212, 0.1)",
      "globalDownloadedTextColor": "#00bcd4",
      "globalUploadedBgColor": "rgba(233, 30, 99, 0.1)",
      "globalUploadedTextColor": "#e91e63",
      "uploadLimitBgColor": "rgba(255, 87, 34, 0.1)",
      "uploadLimitTextColor": "#ff5722",
      "downloadLimitBgColor": "rgba(121, 85, 72, 0.1)",
      "downloadLimitTextColor": "#795548",
      "freeSpaceBgColor": "rgba(96, 125, 139, 0.1)",
      "freeSpaceTextColor": "#607d8b",
      "totalSizeBgColor": "rgba(97, 97, 97, 0.1)",
      "totalSizeTextColor": "#616161",
      "labelTextColor": "rgba(255, 255, 255, 0.7)",
      "valueTextColor": "#ffffff",
      "borderRadius": "8px"
    },
    "themeSettings": {
      "wallpaper": {
        "backgroundColor": "#2d3436",
        "style": "solid",
        "gradientDirection": "",
        "animation": false
      },
      "componentSize": {
        "width": 300,
        "height": 200
      },
      "theme": {
        "backgroundColor": "#f5f5f5",
        "backgroundOpacity": 1,
        "headerBackgroundColor": "#f5f5f5",
        "headerTextColor": "#000000",
        "onlineStatusColor": "rgba(39, 174, 96, 0.8)",
        "offlineStatusColor": "rgba(192, 57, 43, 0.8)",
        "downloadSpeedBgColor": "rgba(33, 150, 243, 0.1)",
        "downloadSpeedTextColor": "#2980b9",
        "downloadSpeedLabelColor": "rgba(0, 0, 0, 0.7)",
        "uploadSpeedBgColor": "rgba(76, 175, 80, 0.1)",
        "uploadSpeedTextColor": "#27ae60",
        "uploadSpeedLabelColor": "rgba(0, 0, 0, 0.7)",
        "activeDownloadsBgColor": "rgba(33, 150, 243, 0.1)",
        "activeDownloadsTextColor": "#2980b9",
        "activeDownloadsLabelColor": "rgba(0, 0, 0, 0.7)",
        "activeTorrentsBgColor": "rgba(33, 150, 243, 0.1)",
        "activeTorrentsTextColor": "#2980b9",
        "activeTorrentsLabelColor": "rgba(0, 0, 0, 0.7)",
        "pausedTorrentsBgColor": "rgba(33, 150, 243, 0.1)",
        "pausedTorrentsTextColor": "#2980b9",
        "pausedTorrentsLabelColor": "rgba(0, 0, 0, 0.7)",
        "completedTorrentsBgColor": "rgba(76, 175, 80, 0.1)",
        "completedTorrentsTextColor": "#4caf50",
        "completedTorrentsLabelColor": "#7f8c8d",
        "totalTorrentsBgColor": "rgba(33, 150, 243, 0.1)",
        "totalTorrentsTextColor": "#2980b9",
        "totalTorrentsLabelColor": "rgba(0, 0, 0, 0.7)",
        "errorTorrentsBgColor": "rgba(231, 76, 60, 0.1)",
        "errorTorrentsTextColor": "#c0392b",
        "errorTorrentsLabelColor": "rgba(0, 0, 0, 0.7)",
        "seedingTorrentsBgColor": "rgba(76, 175, 80, 0.1)",
        "seedingTorrentsTextColor": "#27ae60",
        "seedingTorrentsLabelColor": "rgba(0, 0, 0, 0.7)",
        "globalRatioBgColor": "rgba(3, 169, 244, 0.1)",
        "globalRatioTextColor": "#03a9f4",
        "globalRatioLabelColor": "#7f8c8d",
        "averageRatioBgColor": "rgba(63, 81, 181, 0.1)",
        "averageRatioTextColor": "#3f51b5",
        "averageRatioLabelColor": "#7f8c8d",
        "globalDownloadedBgColor": "rgba(0, 188, 212, 0.1)",
        "globalDownloadedTextColor": "#00bcd4",
        "globalDownloadedLabelColor": "#7f8c8d",
        "globalUploadedBgColor": "rgba(233, 30, 99, 0.1)",
        "globalUploadedTextColor": "#e91e63",
        "globalUploadedLabelColor": "#7f8c8d",
        "uploadLimitBgColor": "rgba(255, 87, 34, 0.1)",
        "uploadLimitTextColor": "#ff5722",
        "uploadLimitLabelColor": "#7f8c8d",
        "downloadLimitBgColor": "rgba(121, 85, 72, 0.1)",
        "downloadLimitTextColor": "#795548",
        "downloadLimitLabelColor": "#7f8c8d",
        "freeSpaceBgColor": "rgba(33, 150, 243, 0.1)",
        "freeSpaceTextColor": "#2980b9",
        "freeSpaceLabelColor": "rgba(0, 0, 0, 0.7)",
        "totalSizeBgColor": "rgba(97, 97, 97, 0.1)",
        "totalSizeTextColor": "#616161",
        "totalSizeLabelColor": "#7f8c8d",
        "labelTextColor": "rgba(0, 0, 0, 0.7)",
        "valueTextColor": "#000000",
        "borderRadius": "8px",
        "totalDownloadedBgColor": "rgba(33, 150, 243, 0.1)",
        "totalDownloadedLabelColor": "rgba(0, 0, 0, 0.7)",
        "totalDownloadedTextColor": "#2980b9",
        "totalUploadedBgColor": "rgba(33, 150, 243, 0.1)",
        "totalUploadedLabelColor": "rgba(0, 0, 0, 0.7)",
        "totalUploadedTextColor": "#2980b9",
        "downloadingTorrentsBgColor": "rgba(33, 150, 243, 0.1)",
        "downloadingTorrentsLabelColor": "rgba(0, 0, 0, 0.7)",
        "downloadingTorrentsTextColor": "#2980b9",
        "checkingTorrentsBgColor": "rgba(33, 150, 243, 0.1)",
        "checkingTorrentsLabelColor": "rgba(0, 0, 0, 0.7)",
        "checkingTorrentsTextColor": "#2980b9",
        "ratioBgColor": "rgba(33, 150, 243, 0.1)",
        "ratioLabelColor": "rgba(0, 0, 0, 0.7)",
        "ratioTextColor": "#2980b9"
      }
    },
    "domainPrefix": "http://localhost:3000"
  }
}