{
  "widgets": [
    {
      "id": "1740830799414",
      "name": "QB下载器111",
      "url": "http://localhost:3000/api/widgets/qb-status/widget?id=1740765254571",
      "type": "widget",
      "source": "market",
      "width": 500,
      "height": 300,
      "mobileShow": true
    },
    {
      "id": "1740830858926",
      "name": "Transmission下载器222",
      "url": "http://localhost:3000/widgets/tr-status.html?id=1740806735955",
      "type": "widget",
      "source": "market",
      "width": 500,
      "height": 300,
      "mobileShow": true
    },
    {
      "id": "1741029467464",
      "name": "Transmission下载器3",
      "url": "http://localhost:3000/widgets/tr-status.html?id=1740813584385",
      "type": "widget",
      "source": "market",
      "width": 500,
      "height": 300,
      "mobileShow": true
    },
    {
      "id": "1741087015378",
      "name": "新建Transmission下载器",
      "url": "http://localhost:3000/widgets/tr-status.html?id=1741086997670",
      "type": "widget",
      "source": "market",
      "width": 500,
      "height": 300,
      "mobileShow": true
    }
  ]
}