{
  "widgets": [
    {
      "id": "1740831695131",
      "name": "Transmission下载器222",
      "url": "http://localhost:3000/widgets/tr-status.html?id=1740806735955",
      "source": "market"
    },
    {
      "id": "1741029469115",
      "name": "Transmission下载器3",
      "url": "http://localhost:3000/widgets/tr-status.html?id=1740813584385",
      "source": "market"
    },
    {
      "id": "1741087017162",
      "name": "新建Transmission下载器",
      "url": "http://localhost:3000/widgets/tr-status.html?id=1741086997670",
      "source": "market"
    }
  ],
  "apiPrefix": ""
}