{
  "1740813584385": {
    "id": "1740813584385",
    "name": "Transmission下载器3",
    "url": "http://10.10.10.18:9092/transmission/rpc",
    "username": "madrays",
    "password": "zjhz311400",
    "updateInterval": 30,
    "displayItems": {
      "downloadSpeed": true,
      "uploadSpeed": true,
      "activeDownloads": true,
      "activeTorrents": true,
      "pausedTorrents": true,
      "completedTorrents": true,
      "totalTorrents": true,
      "globalRatio": true,
      "globalDownloaded": true,
      "globalUploaded": true,
      "freeSpace": true,
      "seedingTorrents": true,
      "totalSize": true,
      "averageRatio": true,
      "errorTorrents": true,
      "uploadLimit": true,
      "downloadLimit": true
    },
    "displayOrder": [
      "totalSize",
      "uploadLimit",
      "freeSpace",
      "uploadSpeed",
      "downloadSpeed",
      "totalTorrents",
      "seedingTorrents",
      "globalUploaded",
      "downloadLimit",
      "activeTorrents",
      "activeDownloads",
      "pausedTorrents",
      "completedTorrents",
      "errorTorrents",
      "globalRatio",
      "averageRatio",
      "globalDownloaded"
    ],
    "isConfigValid": true,
    "lastTested": 1740813485631,
    "isAppliedToFixed": true,
    "isAppliedToFree": true,
    "domainPrefix": "http://localhost:3000",
    "themeSettings": {
      "themeName": "默认主题",
      "bgType": "color",
      "bgColor": "#ffffff",
      "gradientFrom": "#1a73e8",
      "gradientTo": "#6c5ce7",
      "gradientDeg": 45,
      "textColor": "#303133",
      "borderColor": "#e4e7ed",
      "borderRadius": 8,
      "glassEffect": false,
      "cardOpacity": 0.8,
      "theme": {
        "backgroundColor": "transparent",
        "backgroundOpacity": 1,
        "borderRadius": "8px",
        "headerBackgroundColor": "transparent",
        "headerTextColor": "#ffffff",
        "onlineStatusColor": "rgba(46, 204, 113, 0.8)",
        "offlineStatusColor": "rgba(231, 76, 60, 0.8)",
        "labelTextColor": "rgba(255, 255, 255, 0.8)",
        "valueTextColor": "#ffffff",
        "downloadSpeedBgColor": "rgba(33, 150, 243, 0.15)",
        "downloadSpeedTextColor": "#3498db",
        "downloadSpeedLabelColor": "rgba(255, 255, 255, 0.8)",
        "uploadSpeedBgColor": "rgba(244, 67, 54, 0.15)",
        "uploadSpeedTextColor": "#e74c3c",
        "uploadSpeedLabelColor": "rgba(255, 255, 255, 0.8)",
        "activeDownloadsBgColor": "rgba(255, 255, 255, 0.1)",
        "activeDownloadsTextColor": "#ffffff",
        "activeDownloadsLabelColor": "rgba(255, 255, 255, 0.8)",
        "activeTorrentsBgColor": "rgba(255, 255, 255, 0.1)",
        "activeTorrentsTextColor": "#ffffff",
        "activeTorrentsLabelColor": "rgba(255, 255, 255, 0.8)",
        "pausedTorrentsBgColor": "rgba(255, 255, 255, 0.1)",
        "pausedTorrentsTextColor": "#ffffff",
        "pausedTorrentsLabelColor": "rgba(255, 255, 255, 0.8)",
        "completedTorrentsBgColor": "rgba(76, 175, 80, 0.1)",
        "completedTorrentsTextColor": "#4caf50",
        "completedTorrentsLabelColor": "rgba(255, 255, 255, 0.8)",
        "totalTorrentsBgColor": "rgba(255, 255, 255, 0.1)",
        "totalTorrentsTextColor": "#ffffff",
        "totalTorrentsLabelColor": "rgba(255, 255, 255, 0.8)",
        "errorTorrentsBgColor": "rgba(231, 76, 60, 0.15)",
        "errorTorrentsTextColor": "#e74c3c",
        "errorTorrentsLabelColor": "rgba(255, 255, 255, 0.8)",
        "seedingTorrentsBgColor": "rgba(76, 175, 80, 0.15)",
        "seedingTorrentsTextColor": "#4caf50",
        "seedingTorrentsLabelColor": "rgba(255, 255, 255, 0.8)",
        "globalRatioBgColor": "rgba(3, 169, 244, 0.1)",
        "globalRatioTextColor": "#03a9f4",
        "globalRatioLabelColor": "rgba(255, 255, 255, 0.8)",
        "averageRatioBgColor": "rgba(63, 81, 181, 0.1)",
        "averageRatioTextColor": "#3f51b5",
        "averageRatioLabelColor": "rgba(255, 255, 255, 0.8)",
        "globalDownloadedBgColor": "rgba(0, 188, 212, 0.1)",
        "globalDownloadedTextColor": "#00bcd4",
        "globalDownloadedLabelColor": "rgba(255, 255, 255, 0.8)",
        "globalUploadedBgColor": "rgba(233, 30, 99, 0.1)",
        "globalUploadedTextColor": "#e91e63",
        "globalUploadedLabelColor": "rgba(255, 255, 255, 0.8)",
        "uploadLimitBgColor": "rgba(255, 87, 34, 0.1)",
        "uploadLimitTextColor": "#ff5722",
        "uploadLimitLabelColor": "rgba(255, 255, 255, 0.8)",
        "downloadLimitBgColor": "rgba(121, 85, 72, 0.1)",
        "downloadLimitTextColor": "#795548",
        "downloadLimitLabelColor": "rgba(255, 255, 255, 0.8)",
        "freeSpaceBgColor": "rgba(255, 255, 255, 0.1)",
        "freeSpaceTextColor": "#ffffff",
        "freeSpaceLabelColor": "rgba(255, 255, 255, 0.8)",
        "totalSizeBgColor": "rgba(97, 97, 97, 0.1)",
        "totalSizeTextColor": "#616161",
        "totalSizeLabelColor": "rgba(255, 255, 255, 0.8)"
      },
      "wallpaper": {
        "backgroundColor": "rgba(22, 24, 29, 1)",
        "backgroundColor2": "rgba(46, 52, 64, 1)",
        "style": "gradient",
        "gradientDirection": "135deg",
        "animation": false
      }
    },
    "wallpaperSettings": {
      "enabled": false,
      "type": "preset",
      "preset": "preset1",
      "customUrl": "",
      "blur": 0,
      "brightness": 100,
      "bgSize": "cover",
      "bgRepeat": false,
      "bgPosition": "center"
    },
    "componentSizeSettings": {
      "width": 500,
      "height": 300,
      "responsive": true
    }
  },
  "1740827288346": {
    "id": "1740827288346",
    "name": "Transmission下载器111",
    "url": "http://10.10.10.18:9092/transmission/rpc",
    "username": "madrays",
    "password": "zjhz311400",
    "updateInterval": 30,
    "displayItems": {
      "downloadSpeed": true,
      "uploadSpeed": true,
      "activeDownloads": true,
      "activeTorrents": true,
      "pausedTorrents": true,
      "completedTorrents": true,
      "totalTorrents": true,
      "globalRatio": true,
      "globalDownloaded": true,
      "globalUploaded": true,
      "freeSpace": true,
      "seedingTorrents": true,
      "totalSize": true,
      "averageRatio": true,
      "errorTorrents": true,
      "uploadLimit": true,
      "downloadLimit": true
    },
    "displayOrder": [
      "downloadSpeed",
      "uploadSpeed",
      "activeDownloads",
      "activeTorrents",
      "pausedTorrents",
      "completedTorrents",
      "totalTorrents",
      "errorTorrents",
      "seedingTorrents",
      "globalRatio",
      "averageRatio",
      "globalDownloaded",
      "globalUploaded",
      "uploadLimit",
      "downloadLimit",
      "freeSpace",
      "totalSize"
    ],
    "domainPrefix": "http://localhost:3000",
    "isConfigValid": true,
    "lastTested": 1740827303004,
    "isAppliedToFixed": false,
    "isAppliedToFree": false,
    "themeSettings": {
      "themeName": "默认主题",
      "bgType": "color",
      "bgColor": "#ffffff",
      "gradientFrom": "#1a73e8",
      "gradientTo": "#6c5ce7",
      "gradientDeg": 45,
      "textColor": "#303133",
      "borderColor": "#e4e7ed",
      "borderRadius": 8,
      "glassEffect": false,
      "cardOpacity": 0.8,
      "wallpaper": {
        "backgroundColor": "rgba(22, 24, 29, 1)",
        "backgroundColor2": "rgba(46, 52, 64, 1)",
        "style": "gradient",
        "gradientDirection": "135deg",
        "animation": false
      }
    },
    "wallpaperSettings": {
      "enabled": false,
      "type": "preset",
      "preset": "preset1",
      "customUrl": "",
      "blur": 0,
      "brightness": 100,
      "bgSize": "cover",
      "bgRepeat": false,
      "bgPosition": "center"
    },
    "componentSizeSettings": {
      "width": 500,
      "height": 300,
      "responsive": true
    }
  },
  "1741086997670": {
    "id": "1741086997670",
    "name": "新建Transmission下载器",
    "url": "http://10.10.10.18:9092/transmission/rpc",
    "username": "madrays",
    "password": "zjhz311400",
    "updateInterval": 30,
    "displayItems": {
      "downloadSpeed": true,
      "uploadSpeed": true,
      "activeDownloads": true,
      "activeTorrents": true,
      "pausedTorrents": true,
      "completedTorrents": true,
      "totalTorrents": true,
      "globalRatio": true,
      "globalDownloaded": true,
      "globalUploaded": true,
      "freeSpace": true,
      "seedingTorrents": true,
      "totalSize": true,
      "averageRatio": true,
      "errorTorrents": true,
      "uploadLimit": true,
      "downloadLimit": true
    },
    "displayOrder": [
      "downloadSpeed",
      "uploadSpeed",
      "activeDownloads",
      "activeTorrents",
      "pausedTorrents",
      "completedTorrents",
      "totalTorrents",
      "errorTorrents",
      "seedingTorrents",
      "globalRatio",
      "averageRatio",
      "globalDownloaded",
      "globalUploaded",
      "uploadLimit",
      "downloadLimit",
      "freeSpace",
      "totalSize"
    ],
    "isConfigValid": true,
    "lastTested": 1741093865092,
    "theme": {
      "backgroundColor": "#2d3436",
      "backgroundOpacity": 1,
      "headerBackgroundColor": "#2980b9",
      "headerTextColor": "#ffffff",
      "onlineStatusColor": "rgba(46, 204, 113, 0.8)",
      "offlineStatusColor": "rgba(231, 76, 60, 0.8)",
      "downloadSpeedBgColor": "rgba(33, 150, 243, 0.15)",
      "downloadSpeedTextColor": "#3498db",
      "uploadSpeedBgColor": "rgba(76, 175, 80, 0.15)",
      "uploadSpeedTextColor": "#27ae60",
      "activeDownloadsBgColor": "rgba(33, 150, 243, 0.1)",
      "activeDownloadsTextColor": "#4fc3f7",
      "activeTorrentsBgColor": "rgba(156, 39, 176, 0.1)",
      "activeTorrentsTextColor": "#9c27b0",
      "pausedTorrentsBgColor": "rgba(255, 152, 0, 0.1)",
      "pausedTorrentsTextColor": "#ff9800",
      "completedTorrentsBgColor": "rgba(76, 175, 80, 0.1)",
      "completedTorrentsTextColor": "#4caf50",
      "totalTorrentsBgColor": "rgba(158, 158, 158, 0.1)",
      "totalTorrentsTextColor": "#9e9e9e",
      "errorTorrentsBgColor": "rgba(244, 67, 54, 0.1)",
      "errorTorrentsTextColor": "#f44336",
      "seedingTorrentsBgColor": "rgba(0, 188, 212, 0.1)",
      "seedingTorrentsTextColor": "#00bcd4",
      "globalRatioBgColor": "rgba(3, 169, 244, 0.1)",
      "globalRatioTextColor": "#03a9f4",
      "averageRatioBgColor": "rgba(63, 81, 181, 0.1)",
      "averageRatioTextColor": "#3f51b5",
      "globalDownloadedBgColor": "rgba(0, 188, 212, 0.1)",
      "globalDownloadedTextColor": "#00bcd4",
      "globalUploadedBgColor": "rgba(233, 30, 99, 0.1)",
      "globalUploadedTextColor": "#e91e63",
      "uploadLimitBgColor": "rgba(255, 87, 34, 0.1)",
      "uploadLimitTextColor": "#ff5722",
      "downloadLimitBgColor": "rgba(121, 85, 72, 0.1)",
      "downloadLimitTextColor": "#795548",
      "freeSpaceBgColor": "rgba(96, 125, 139, 0.1)",
      "freeSpaceTextColor": "#607d8b",
      "totalSizeBgColor": "rgba(97, 97, 97, 0.1)",
      "totalSizeTextColor": "#616161",
      "labelTextColor": "rgba(255, 255, 255, 0.7)",
      "valueTextColor": "#ffffff",
      "borderRadius": "8px"
    },
    "themeSettings": {
      "wallpaper": {
        "backgroundColor": "#f5f5f5",
        "backgroundColor2": "#e0e0e0",
        "style": "gradient",
        "gradientDirection": "135deg",
        "animation": true
      },
      "componentSize": {
        "width": 300,
        "height": 200
      },
      "theme": {
        "backgroundColor": "#1a1a2e",
        "backgroundOpacity": 1,
        "headerBackgroundColor": "#1a1a2e",
        "headerTextColor": "#ffffff",
        "onlineStatusColor": "rgba(46, 204, 113, 0.8)",
        "offlineStatusColor": "rgba(231, 76, 60, 0.8)",
        "downloadSpeedBgColor": "rgba(33, 150, 243, 0.15)",
        "downloadSpeedTextColor": "#3498db",
        "downloadSpeedLabelColor": "rgba(255, 255, 255, 0.7)",
        "uploadSpeedBgColor": "rgba(76, 175, 80, 0.15)",
        "uploadSpeedTextColor": "#27ae60",
        "uploadSpeedLabelColor": "rgba(255, 255, 255, 0.7)",
        "activeDownloadsBgColor": "rgba(33, 150, 243, 0.15)",
        "activeDownloadsTextColor": "#3498db",
        "activeDownloadsLabelColor": "rgba(255, 255, 255, 0.7)",
        "activeTorrentsBgColor": "rgba(33, 150, 243, 0.15)",
        "activeTorrentsTextColor": "#3498db",
        "activeTorrentsLabelColor": "rgba(255, 255, 255, 0.7)",
        "pausedTorrentsBgColor": "rgba(33, 150, 243, 0.15)",
        "pausedTorrentsTextColor": "#3498db",
        "pausedTorrentsLabelColor": "rgba(255, 255, 255, 0.7)",
        "completedTorrentsBgColor": "rgba(76, 175, 80, 0.1)",
        "completedTorrentsTextColor": "#4caf50",
        "completedTorrentsLabelColor": "#7f8c8d",
        "totalTorrentsBgColor": "rgba(33, 150, 243, 0.15)",
        "totalTorrentsTextColor": "#3498db",
        "totalTorrentsLabelColor": "rgba(255, 255, 255, 0.7)",
        "errorTorrentsBgColor": "rgba(231, 76, 60, 0.15)",
        "errorTorrentsTextColor": "#e74c3c",
        "errorTorrentsLabelColor": "rgba(255, 255, 255, 0.7)",
        "seedingTorrentsBgColor": "rgba(76, 175, 80, 0.15)",
        "seedingTorrentsTextColor": "#27ae60",
        "seedingTorrentsLabelColor": "rgba(255, 255, 255, 0.7)",
        "globalRatioBgColor": "rgba(3, 169, 244, 0.1)",
        "globalRatioTextColor": "#03a9f4",
        "globalRatioLabelColor": "#7f8c8d",
        "averageRatioBgColor": "rgba(63, 81, 181, 0.1)",
        "averageRatioTextColor": "#3f51b5",
        "averageRatioLabelColor": "#7f8c8d",
        "globalDownloadedBgColor": "rgba(0, 188, 212, 0.1)",
        "globalDownloadedTextColor": "#00bcd4",
        "globalDownloadedLabelColor": "#7f8c8d",
        "globalUploadedBgColor": "rgba(233, 30, 99, 0.1)",
        "globalUploadedTextColor": "#e91e63",
        "globalUploadedLabelColor": "#7f8c8d",
        "uploadLimitBgColor": "rgba(255, 87, 34, 0.1)",
        "uploadLimitTextColor": "#ff5722",
        "uploadLimitLabelColor": "#7f8c8d",
        "downloadLimitBgColor": "rgba(121, 85, 72, 0.1)",
        "downloadLimitTextColor": "#795548",
        "downloadLimitLabelColor": "#7f8c8d",
        "freeSpaceBgColor": "rgba(33, 150, 243, 0.15)",
        "freeSpaceTextColor": "#3498db",
        "freeSpaceLabelColor": "rgba(255, 255, 255, 0.7)",
        "totalSizeBgColor": "rgba(97, 97, 97, 0.1)",
        "totalSizeTextColor": "#616161",
        "totalSizeLabelColor": "#7f8c8d",
        "labelTextColor": "rgba(255, 255, 255, 0.7)",
        "valueTextColor": "#ffffff",
        "borderRadius": "8px",
        "totalDownloadedBgColor": "rgba(33, 150, 243, 0.15)",
        "totalDownloadedLabelColor": "rgba(255, 255, 255, 0.7)",
        "totalDownloadedTextColor": "#3498db",
        "totalUploadedBgColor": "rgba(33, 150, 243, 0.15)",
        "totalUploadedLabelColor": "rgba(255, 255, 255, 0.7)",
        "totalUploadedTextColor": "#3498db",
        "downloadingTorrentsBgColor": "rgba(33, 150, 243, 0.15)",
        "downloadingTorrentsLabelColor": "rgba(255, 255, 255, 0.7)",
        "downloadingTorrentsTextColor": "#3498db",
        "checkingTorrentsBgColor": "rgba(33, 150, 243, 0.15)",
        "checkingTorrentsLabelColor": "rgba(255, 255, 255, 0.7)",
        "checkingTorrentsTextColor": "#3498db",
        "ratioBgColor": "rgba(33, 150, 243, 0.15)",
        "ratioLabelColor": "rgba(255, 255, 255, 0.7)",
        "ratioTextColor": "#3498db"
      }
    },
    "domainPrefix": "http://localhost:3000",
    "isAppliedToFixed": true,
    "isAppliedToFree": true
  }
}